{
    "train_loss": [
        1.6391945967207784,
        0.47720549547153973,
        0.25123691372573376,
        0.15535439498236644,
        0.09425535933721972,
        0.0696221501768931,
        0.04376598788708772,
        0.03234397500510449,
        0.02370209394670699,
        0.021019316825043897,
        0.01687671880379481,
        0.016494395545400355,
        0.015206473520147088,
        0.013279030630972398,
        0.012866677372189968
    ],
    "train_acc": [
        0.6229619565217391,
        0.8879076086956522,
        0.943953804347826,
        0.9718070652173914,
        0.983016304347826,
        0.9881114130434783,
        0.9966032608695652,
        0.9972826086956522,
        0.9996603260869565,
        0.9996603260869565,
        0.9993206521739131,
        0.9996603260869565,
        0.9989809782608695,
        0.9996603260869565,
        1.0
    ],
    "val_loss": [
        0.621990978717804,
        0.41348435891711194,
        0.3708844541207604,
        0.29767188753770746,
        0.2798241898417473,
        0.27359634573044983,
        0.24146420508623123,
        0.23945251301578854,
        0.2259797628806985,
        0.22453152874241705,
        0.2212787179843239,
        0.22826863922502683,
        0.22601952306602313,
        0.22130179275637088,
        0.2238321602344513
    ],
    "val_acc": [
        0.8614130434782609,
        0.8926630434782609,
        0.9008152173913043,
        0.9225543478260869,
        0.9144021739130435,
        0.9239130434782609,
        0.9293478260869565,
        0.9266304347826086,
        0.9347826086956522,
        0.9293478260869565,
        0.9307065217391305,
        0.9252717391304348,
        0.9307065217391305,
        0.9293478260869565,
        0.9334239130434783
    ]
}