{
    "train_loss": [
        1.516350167601005,
        0.9345786484039348,
        0.6793630936223528,
        0.5169991097696449,
        0.40406200435498485,
        0.2989491712220985,
        0.19113618805599603,
        0.09508182620123515,
        0.06577757583885535,
        0.042703787433034136,
        0.022813420307458095,
        0.013503155867827287,
        0.010876287197511967,
        0.007509264917841748,
        0.008238850248744711
    ],
    "train_acc": [
        0.5757472826086957,
        0.720108695652174,
        0.7961956521739131,
        0.8386548913043478,
        0.8753396739130435,
        0.904891304347826,
        0.9364809782608695,
        0.9670516304347826,
        0.9782608695652174,
        0.9870923913043478,
        0.9938858695652174,
        0.9972826086956522,
        0.9976222826086957,
        0.9996603260869565,
        0.998641304347826
    ],
    "val_loss": [
        1.6633691373078718,
        1.2041057970212854,
        1.2470799554949221,
        1.291358416495116,
        0.902378956908765,
        1.7790976944177046,
        0.7912926622059034,
        0.596376614726108,
        0.5283799067787502,
        0.43521136660938675,
        0.454657680152551,
        0.4221430086409268,
        0.4154842563945314,
        0.3986918825818145,
        0.4025422190518483
    ],
    "val_acc": [
        0.561141304347826,
        0.6711956521739131,
        0.6915760869565217,
        0.6915760869565217,
        0.7649456521739131,
        0.6440217391304348,
        0.8206521739130435,
        0.8315217391304348,
        0.8600543478260869,
        0.875,
        0.8858695652173914,
        0.8858695652173914,
        0.8845108695652174,
        0.8953804347826086,
        0.8872282608695652
    ]
}