{
    "train_loss": [
        1.6889791695967964,
        0.48107984321920766,
        0.28088302497306594,
        0.17594563240266364,
        0.11962629376870135,
        0.09064893134991112,
        0.05962794290288635,
        0.04649811076081317,
        0.035918309879691704,
        0.031977483769878745,
        0.027407594622396256,
        0.026182794002006234,
        0.022379188611091155,
        0.02138720690677671,
        0.020261080566105313
    ],
    "train_acc": [
        0.5866168478260869,
        0.8828125,
        0.9279891304347826,
        0.9609375,
        0.9735054347826086,
        0.9847146739130435,
        0.9921875,
        0.9952445652173914,
        0.9979619565217391,
        0.9966032608695652,
        0.9989809782608695,
        0.9979619565217391,
        0.998641304347826,
        0.9979619565217391,
        0.9989809782608695
    ],
    "val_loss": [
        0.6001243176667587,
        0.3792717281890952,
        0.3197485389916793,
        0.26407702202382294,
        0.25541019731241726,
        0.2547344264128934,
        0.22581456310075262,
        0.22532110726055893,
        0.2068792142621849,
        0.2135941264745982,
        0.21423534190525179,
        0.2162406084978062,
        0.21771266700133032,
        0.21231068233432976,
        0.21474997909820598
    ],
    "val_acc": [
        0.8546195652173914,
        0.9021739130434783,
        0.9144021739130435,
        0.9307065217391305,
        0.9239130434782609,
        0.9184782608695652,
        0.9225543478260869,
        0.9157608695652174,
        0.9307065217391305,
        0.9266304347826086,
        0.9293478260869565,
        0.9239130434782609,
        0.9266304347826086,
        0.9307065217391305,
        0.9266304347826086
    ]
}