{
    "train_loss": [
        1.9749393495528593,
        0.6223807341378668,
        0.3613201745826265,
        0.23598793472932733,
        0.16144279139521328,
        0.12453107977204997,
        0.08415907001851694,
        0.06756944790401537,
        0.05333723666389351,
        0.047492573756481644,
        0.04013747534633655,
        0.03779620437315949,
        0.03394903240563429,
        0.032293873434157475,
        0.030369614544527038
    ],
    "train_acc": [
        0.5591032608695652,
        0.868546195652174,
        0.9198369565217391,
        0.9558423913043478,
        0.9707880434782609,
        0.9802989130434783,
        0.9894701086956522,
        0.9918478260869565,
        0.9979619565217391,
        0.9955842391304348,
        0.9976222826086957,
        0.9979619565217391,
        0.998641304347826,
        0.9976222826086957,
        0.998641304347826
    ],
    "val_loss": [
        0.8131095792936243,
        0.4649389541667441,
        0.3669820764790411,
        0.3052563453498094,
        0.2815641252243001,
        0.2752032785311989,
        0.25069682429666107,
        0.24676857370397318,
        0.22632130300221237,
        0.23181530833244324,
        0.23139938210015712,
        0.23445794763772385,
        0.23381645038076068,
        0.22877371052037115,
        0.23176374966683594
    ],
    "val_acc": [
        0.8328804347826086,
        0.8967391304347826,
        0.904891304347826,
        0.9279891304347826,
        0.9211956521739131,
        0.9266304347826086,
        0.9198369565217391,
        0.9225543478260869,
        0.9293478260869565,
        0.9252717391304348,
        0.9307065217391305,
        0.9279891304347826,
        0.9279891304347826,
        0.9320652173913043,
        0.9307065217391305
    ]
}