{
    "train_loss": [
        1.3670036737685618,
        0.6129970900390459,
        0.3969372096269027,
        0.3092334476987953,
        0.2102666190703926,
        0.13705347757786512,
        0.08320950262208024,
        0.05632284299834915,
        0.02924703992397079,
        0.018780720425243286,
        0.011500018666518608,
        0.01114797957732504,
        0.008983801574567738,
        0.005799983105490632,
        0.007838632963324451
    ],
    "train_acc": [
        0.6226222826086957,
        0.8087635869565217,
        0.8879076086956522,
        0.9089673913043478,
        0.938858695652174,
        0.959578804347826,
        0.9789402173913043,
        0.9870923913043478,
        0.9955842391304348,
        0.9972826086956522,
        0.9989809782608695,
        0.998641304347826,
        0.9983016304347826,
        1.0,
        0.9989809782608695
    ],
    "val_loss": [
        1.014698741228684,
        0.7945753944956738,
        0.8772572900937952,
        0.7296191855617191,
        0.7117401724276335,
        0.5692360835230869,
        0.5084369363992111,
        0.46617028959419415,
        0.4174662478592085,
        0.3750692725829456,
        0.3536078328995601,
        0.34952357719125954,
        0.3459257028349068,
        0.3413747228358103,
        0.33786654585729475
    ],
    "val_acc": [
        0.6739130434782609,
        0.7676630434782609,
        0.7065217391304348,
        0.7866847826086957,
        0.78125,
        0.8247282608695652,
        0.8532608695652174,
        0.8668478260869565,
        0.8695652173913043,
        0.8845108695652174,
        0.8980978260869565,
        0.8953804347826086,
        0.8980978260869565,
        0.8980978260869565,
        0.9035326086956522
    ]
}