{
    "train_loss": [
        1.4594435873238936,
        0.4009717273647371,
        0.21233812630500482,
        0.1270676496965082,
        0.07970113258646883,
        0.05757091486948016,
        0.035511928499149886,
        0.025425312129537695,
        0.018849612608470994,
        0.01594991579591094,
        0.013560117974006773,
        0.012533994821791091,
        0.0110149347228403,
        0.009878705040571967,
        0.010111629922428856
    ],
    "train_acc": [
        0.6321331521739131,
        0.8980978260869565,
        0.9463315217391305,
        0.9735054347826086,
        0.9836956521739131,
        0.9884510869565217,
        0.9959239130434783,
        0.9972826086956522,
        0.9993206521739131,
        0.9993206521739131,
        0.9989809782608695,
        0.998641304347826,
        0.9989809782608695,
        0.9996603260869565,
        0.9996603260869565
    ],
    "val_loss": [
        0.5098476578360018,
        0.37050367503062537,
        0.34041506959044415,
        0.27773831687543704,
        0.29002021949576295,
        0.2595721036195755,
        0.22929349055756693,
        0.22731546701296515,
        0.21887037287587705,
        0.21608832446129425,
        0.21238290882952834,
        0.21749368731094443,
        0.21714831240799115,
        0.21046501300905063,
        0.21158204972743988
    ],
    "val_acc": [
        0.8777173913043478,
        0.8940217391304348,
        0.8994565217391305,
        0.9225543478260869,
        0.907608695652174,
        0.9266304347826086,
        0.9293478260869565,
        0.9279891304347826,
        0.9266304347826086,
        0.9307065217391305,
        0.938858695652174,
        0.9279891304347826,
        0.9320652173913043,
        0.9347826086956522,
        0.9279891304347826
    ]
}