{
    "train_loss": [
        1.364242205153341,
        0.6427776645059171,
        0.46024885822249495,
        0.33732963183327863,
        0.217339764268178,
        0.1433955909198393,
        0.09161638329817873,
        0.06985594763967168,
        0.030813059025525075,
        0.018913244767843382,
        0.014569933042841276,
        0.010428411831684492,
        0.007587107874038022,
        0.006271746162699697,
        0.00792289713433053
    ],
    "train_acc": [
        0.609375,
        0.795516304347826,
        0.8552989130434783,
        0.890625,
        0.9337635869565217,
        0.9605978260869565,
        0.9755434782608695,
        0.9836956521739131,
        0.9942255434782609,
        0.9972826086956522,
        0.9966032608695652,
        0.998641304347826,
        0.9989809782608695,
        0.9996603260869565,
        0.9989809782608695
    ],
    "val_loss": [
        1.0415035486221313,
        1.058480001014212,
        1.0496815507826598,
        0.8436305963474772,
        0.9047439461169036,
        0.7341369066549384,
        0.4645244140663873,
        0.5462840400312258,
        0.3824228469444358,
        0.3849883607548216,
        0.3788629718448805,
        0.36474428779405094,
        0.35860543438921805,
        0.35323083352135576,
        0.3508725388218527
    ],
    "val_acc": [
        0.6589673913043478,
        0.6725543478260869,
        0.7065217391304348,
        0.7554347826086957,
        0.7581521739130435,
        0.7635869565217391,
        0.8654891304347826,
        0.8315217391304348,
        0.8858695652173914,
        0.8913043478260869,
        0.8913043478260869,
        0.8940217391304348,
        0.8967391304347826,
        0.9008152173913043,
        0.904891304347826
    ]
}