{
    "train_loss": [
        1.235145194698935,
        0.39100608318720176,
        0.2480830918268665,
        0.14845265412662664,
        0.12167272167077856,
        0.08909583963838447,
        0.046845653504335685,
        0.03521791864414294,
        0.02362859744765877,
        0.017047354627562607,
        0.014764226074001508,
        0.012111043692920763,
        0.010058490632851,
        0.009063489576637157,
        0.009835952557572771
    ],
    "train_acc": [
        0.65625,
        0.8743206521739131,
        0.9167798913043478,
        0.9487092391304348,
        0.9555027173913043,
        0.9724864130434783,
        0.9850543478260869,
        0.9904891304347826,
        0.9955842391304348,
        0.9962635869565217,
        0.9976222826086957,
        0.998641304347826,
        0.9979619565217391,
        0.9983016304347826,
        0.9983016304347826
    ],
    "val_loss": [
        0.46143332706845325,
        0.4102346748113632,
        0.4947720066360805,
        0.3416063503726669,
        0.38169500393712,
        0.3397749691553738,
        0.26412437856197357,
        0.25560175485747016,
        0.24755901284515858,
        0.272893736867801,
        0.2538196124217432,
        0.2543398064925619,
        0.2607618129771689,
        0.2509965595343839,
        0.25055466487031913
    ],
    "val_acc": [
        0.8464673913043478,
        0.8790760869565217,
        0.8627717391304348,
        0.9008152173913043,
        0.8940217391304348,
        0.9035326086956522,
        0.9198369565217391,
        0.9198369565217391,
        0.9334239130434783,
        0.9211956521739131,
        0.9279891304347826,
        0.9293478260869565,
        0.9307065217391305,
        0.9347826086956522,
        0.9320652173913043
    ]
}