{
    "train_loss": [
        1.1828596549837485,
        0.4028630997661663,
        0.24579344011600252,
        0.15270482750771486,
        0.12506789779897942,
        0.09193845594342312,
        0.05663923213369739,
        0.03094238416372758,
        0.017629920665691,
        0.01985579404287779,
        0.014058915309167629,
        0.0093775831141418,
        0.006718373203235071,
        0.0079260043370912,
        0.006239374844564894
    ],
    "train_acc": [
        0.6708559782608695,
        0.868546195652174,
        0.9188179347826086,
        0.9459918478260869,
        0.9572010869565217,
        0.9690896739130435,
        0.9802989130434783,
        0.9932065217391305,
        0.9959239130434783,
        0.9949048913043478,
        0.9949048913043478,
        0.9969429347826086,
        0.9993206521739131,
        0.9983016304347826,
        0.9996603260869565
    ],
    "val_loss": [
        0.5625924662403439,
        0.47454151381617005,
        0.5753534319608108,
        0.41642893429683603,
        0.3961120481076448,
        0.41129412890776346,
        0.34659821280966635,
        0.32663817347391794,
        0.2934179153779279,
        0.29212311590495316,
        0.2706706540092178,
        0.2824480760356654,
        0.26918552378597466,
        0.25613721865026845,
        0.2596522466805966
    ],
    "val_acc": [
        0.811141304347826,
        0.876358695652174,
        0.8383152173913043,
        0.8817934782608695,
        0.8885869565217391,
        0.8899456521739131,
        0.8980978260869565,
        0.8980978260869565,
        0.907608695652174,
        0.907608695652174,
        0.9293478260869565,
        0.9198369565217391,
        0.9252717391304348,
        0.9293478260869565,
        0.9293478260869565
    ]
}