{
    "train_loss": [
        1.4607727206919505,
        0.4011663941099592,
        0.21334870216315208,
        0.1279439911165315,
        0.08170190575006216,
        0.06122838201649163,
        0.037696084746605026,
        0.026578363724579307,
        0.019158709212206304,
        0.014738198238141511,
        0.012187997101927582,
        0.01159666545952306,
        0.009548127628437689,
        0.007790787881948863,
        0.0076861689499903305,
        0.00582445202187797,
        0.006516590738496946,
        0.006252302712274958,
        0.005295563194364228,
        0.005795503174379954
    ],
    "train_acc": [
        0.6307744565217391,
        0.8974184782608695,
        0.9456521739130435,
        0.9735054347826086,
        0.9819972826086957,
        0.9874320652173914,
        0.9952445652173914,
        0.9969429347826086,
        0.9983016304347826,
        0.9996603260869565,
        0.9989809782608695,
        0.9989809782608695,
        0.9989809782608695,
        0.9993206521739131,
        1.0,
        0.9996603260869565,
        1.0,
        1.0,
        0.9996603260869565,
        0.9996603260869565
    ],
    "val_loss": [
        0.5176325220128765,
        0.37343045486056287,
        0.3440111266530078,
        0.29015135959438654,
        0.30190454358639923,
        0.2879686135312785,
        0.24492984459452008,
        0.2464751364744228,
        0.22802674381629282,
        0.2317212713153466,
        0.22868307291165643,
        0.23258133912863937,
        0.22798980416163153,
        0.22401804541764053,
        0.22558362522850867,
        0.22173326122372047,
        0.21564059607360675,
        0.2259592959738296,
        0.21450478016682292,
        0.21970136933352635
    ],
    "val_acc": [
        0.873641304347826,
        0.9089673913043478,
        0.8980978260869565,
        0.9144021739130435,
        0.907608695652174,
        0.9171195652173914,
        0.9211956521739131,
        0.9225543478260869,
        0.9239130434782609,
        0.9266304347826086,
        0.9334239130434783,
        0.9211956521739131,
        0.9307065217391305,
        0.9347826086956522,
        0.9347826086956522,
        0.9334239130434783,
        0.936141304347826,
        0.9375,
        0.9347826086956522,
        0.9347826086956522
    ]
}