{
    "train_loss": [
        1.9291576743125916,
        0.5667564133587091,
        0.283673637425122,
        0.1655591216100299,
        0.10241809331447534,
        0.07011297005026237,
        0.05486418805894968,
        0.0425124446173077,
        0.03081977264145794,
        0.04214248390179937,
        0.04287462531710449,
        0.03233634174102917,
        0.03117556705483762,
        0.034807518476357116,
        0.028503413269114073,
        0.02774227530007129,
        0.02327663253274058,
        0.018845236513500466,
        0.013435834008977627,
        0.009711663955227856,
        0.013367390125336975,
        0.02669435956720364,
        0.02780599450773519,
        0.011289958749092993,
        0.02220429624456143,
        0.0157030964625807,
        0.017611133225095135,
        0.01259514833809985,
        0.01764728973806917,
        0.011820776201721341,
        0.010182781910375723,
        0.004437452324054902,
        0.003162922919411516,
        0.0019096145401620204,
        0.002198204750011032,
        0.0021662034106829315,
        0.0024040079499726467,
        0.002958457906931036,
        0.002910363983692546,
        0.0044534959092150375,
        0.0016974554585866154,
        0.0032884338854036405,
        0.003166415926977567,
        0.003071457690922493,
        0.0032739180757704635,
        0.002594116294542049,
        0.0036495061689018494,
        0.001447563734552165,
        0.002835882342127582,
        0.0017705278695876073,
        0.00174106279526946,
        0.002263637905027439,
        0.0022164912221025747,
        0.0016039635359091967,
        0.0015055177940785538,
        0.0015666089071284819,
        0.0007405728307552952,
        0.0007119108232749884,
        0.00041119590638988046,
        0.0007584357682864483,
        0.0005119019542294352,
        0.00038690082395908615,
        0.000530342933791911,
        0.0004385397533437556,
        0.0005796204366798402,
        0.0005004115110632088,
        0.0005425573258435179,
        0.00046737795689651926,
        0.00031152787064654507,
        0.0006372698564479398,
        0.0003632896455201262,
        0.00041068818500602703,
        0.0007856993782930342,
        0.0004834492004034552,
        0.0005257187520367987
    ],
    "train_acc": [
        0.5675951086956522,
        0.8668478260869565,
        0.936141304347826,
        0.9605978260869565,
        0.9796195652173914,
        0.9860733695652174,
        0.9870923913043478,
        0.9915081521739131,
        0.9928668478260869,
        0.9904891304347826,
        0.9901494565217391,
        0.9915081521739131,
        0.9915081521739131,
        0.9884510869565217,
        0.9921875,
        0.9915081521739131,
        0.9932065217391305,
        0.9949048913043478,
        0.9976222826086957,
        0.9979619565217391,
        0.9952445652173914,
        0.9925271739130435,
        0.9915081521739131,
        0.9976222826086957,
        0.9932065217391305,
        0.9959239130434783,
        0.9945652173913043,
        0.9976222826086957,
        0.9959239130434783,
        0.9972826086956522,
        0.9972826086956522,
        0.9989809782608695,
        0.9996603260869565,
        1.0,
        1.0,
        1.0,
        0.9993206521739131,
        1.0,
        0.9996603260869565,
        0.9993206521739131,
        1.0,
        0.9993206521739131,
        0.9993206521739131,
        0.9989809782608695,
        0.9989809782608695,
        0.9993206521739131,
        0.9989809782608695,
        1.0,
        0.9993206521739131,
        1.0,
        0.9996603260869565,
        0.9993206521739131,
        0.9996603260869565,
        1.0,
        0.9993206521739131,
        0.9996603260869565,
        1.0,
        1.0,
        1.0,
        1.0,
        1.0,
        1.0,
        1.0,
        1.0,
        1.0,
        1.0,
        1.0,
        1.0,
        1.0,
        0.9996603260869565,
        1.0,
        1.0,
        1.0,
        1.0,
        1.0
    ],
    "val_loss": [
        0.8190287895824598,
        0.49432590992554376,
        0.4497761499622594,
        0.35206933546325436,
        0.3887785757365434,
        0.34426137934560364,
        0.337105059105417,
        0.3960131231857383,
        0.44210834736409393,
        0.4721908582293469,
        0.48578078202579333,
        0.45499037076597626,
        0.4703023164816525,
        0.5009291275687839,
        0.4967796948292981,
        0.4367638832849005,
        0.4199627223222152,
        0.47701455782289093,
        0.42280408383711526,
        0.4016290971118471,
        0.5204717167045759,
        0.4618630883810313,
        0.500613712462718,
        0.41198157924024953,
        0.48169566366983496,
        0.4511656647791033,
        0.40732301123764203,
        0.5209039831938951,
        0.46237922152099403,
        0.4223738487647927,
        0.40605494250421936,
        0.37563612376866135,
        0.40195105840330536,
        0.3830491961992305,
        0.38612346083897614,
        0.3714281670425249,
        0.39617034971066145,
        0.37630774955386703,
        0.40975412953159085,
        0.44871068146565685,
        0.39834054851013684,
        0.4480675526935121,
        0.4450026721410129,
        0.4480006254237631,
        0.42968572530409566,
        0.45452416995945183,
        0.42922205283589987,
        0.3914359992612963,
        0.383236665116704,
        0.3783042508622874,
        0.40179905878460925,
        0.3840743910683238,
        0.4030546581615572,
        0.39943081982757733,
        0.38069639387338056,
        0.3963425127060517,
        0.3866130003462667,
        0.38223309361416363,
        0.37859745971534564,
        0.37778507432212,
        0.3795896645473397,
        0.3758405728832535,
        0.36775129223647324,
        0.3644029170922611,
        0.3742060975536056,
        0.37864450073760486,
        0.36948930763680005,
        0.3688848744268003,
        0.3778230091151984,
        0.37967525212013203,
        0.37317301009012305,
        0.37924000977174094,
        0.37237992170064343,
        0.37239096475684125,
        0.3763836970471818
    ],