{
    "train_loss": [
        3.6115991810093755,
        3.3131451218024544,
        3.0456255959427874,
        2.897191801796789,
        2.710443439690963,
        2.5396561402341593,
        2.4087794539721115,
        2.2301987292973893,
        2.109229954688445,
        1.9576962512472402,
        1.7973886857862058,
        1.7103342089963995,
        1.5559044273003289,
        1.4653950851896536,
        1.3458871387917062,
        1.2457742548507194,
        1.1287268983281178,
        1.0084714682205864,
        0.9127397465965023,
        0.8074313641890235,
        0.7098951359157977,
        0.6615773280677588,
        0.6241788864135742,
        0.5030351869114067,
        0.4517452645560969,
        0.3730321579977222,
        0.38557627100659453,
        0.3347357058006784,
        0.2758078725765581,
        0.2427908528758132,
        0.22380506660303343,
        0.18012412236598524,
        0.19041465575118427,
        0.1582925702728655,
        0.13685881374808756,
        0.12641978903633097,
        0.10874038355667955,
        0.10171763594869686,
        0.09666705524305934,
        0.0806304315590988,
        0.0747491798930518,
        0.062208288956595505,
        0.06381931577039801,
        0.05950915046117228,
        0.056627829316193645,
        0.04911392126434847,
        0.048887760327804994,
        0.03815303328851967,
        0.03274464358211211,
        0.033403363306601735,
        0.03282010826565649,
        0.03758676690251931,
        0.03171332218967702,
        0.027237294677078076,
        0.028770800973491176,
        0.023506754133647875,
        0.02457939750899601,
        0.019707218161784112,
        0.021834496702270015,
        0.021097903580242848,
        0.02077551863318228,
        0.019202007046576753,
        0.014757853229125232,
        0.017520145072763706,
        0.017754184881873105,
        0.017090403507767325,
        0.016377804755314213,
        0.013376764646913532,
        0.0134494653422102,
        0.011477335067668362,
        0.015097740913599568,
        0.014175761658090936,
        0.01443661882734412,
        0.013125890473652955,
        0.012944021543143723
    ],
    "train_acc": [
        0.057065217391304345,
        0.11447010869565218,
        0.16508152173913043,
        0.20074728260869565,
        0.2347146739130435,
        0.281929347826087,
        0.31351902173913043,
        0.35495923913043476,
        0.39266304347826086,
        0.41440217391304346,
        0.46127717391304346,
        0.475883152173913,
        0.5319293478260869,
        0.5580842391304348,
        0.5893342391304348,
        0.6199048913043478,
        0.6552309782608695,
        0.6997282608695652,
        0.7116168478260869,
        0.7588315217391305,
        0.7866847826086957,
        0.7995923913043478,
        0.8091032608695652,
        0.8546195652173914,
        0.8665081521739131,
        0.9011548913043478,
        0.8923233695652174,
        0.9110054347826086,
        0.9320652173913043,
        0.9368206521739131,
        0.9449728260869565,
        0.9592391304347826,
        0.9524456521739131,
        0.9612771739130435,
        0.9694293478260869,
        0.9704483695652174,
        0.977921195652174,
        0.9792798913043478,
        0.9799592391304348,
        0.9819972826086957,
        0.9867527173913043,
        0.9887907608695652,
        0.9864130434782609,
        0.9891304347826086,
        0.9891304347826086,
        0.9918478260869565,
        0.9925271739130435,
        0.9952445652173914,
        0.9962635869565217,
        0.9955842391304348,
        0.9983016304347826,
        0.9942255434782609,
        0.9966032608695652,
        0.9976222826086957,
        0.9962635869565217,
        0.9976222826086957,
        0.9966032608695652,
        0.9989809782608695,
        0.9972826086956522,
        0.9983016304347826,
        0.9976222826086957,
        0.9983016304347826,
        0.998641304347826,
        0.998641304347826,
        0.9979619565217391,
        0.9979619565217391,
        0.9989809782608695,
        0.9989809782608695,
        0.9993206521739131,
        1.0,
        0.9993206521739131,
        0.9996603260869565,
        0.9983016304347826,
        1.0,
        0.9993206521739131
    ],
    "val_loss": [
        3.419649486956389,
        3.305781944938328,
        3.132672372071639,
        3.096302084300829,
        2.960195002348527,
        3.0150332554526953,
        2.9499377686044443,
        3.197020572164784,
        2.920558784319007,
        2.9204712743344516,
        2.554798634155937,
        2.894103019133858,
        2.983899282372516,
        2.5673221712527066,
        2.784561437109242,
        2.9640792660091235,
        2.5785577815511953,
        2.5724907336027725,
        2.555140153221462,
        2.7884794369987818,
        2.4669922486595484,
        2.8411311014838843,
        2.5433770780977993,
        2.906733673551808,
        2.724054331364839,
        2.6672417962032817,
        2.7906477192173833,
        2.5377843898275625,
        2.6158960798512334,
        2.551189153090767,
        2.5748509842416514,
        2.5252920907476675,
        2.654345393180847,
        2.4750625413397085,
        2.6426022778386655,
        2.6633227441621865,
        2.531823324120563,
        2.6742768132168315,
        2.6020715651304824,
        2.6010123957758364,
        2.489504689755647,
        2.556900371675906,
        2.5807888922484024,
        2.610822859017745,
        2.633204786673836,
        2.533460471941077,
        2.4974347352981567,
        2.514866398728412,
        2.5264759271041206,
        2.4909818794416343,
        2.5030570030212402,
        2.5366413126821103,
        2.540798005850419,
        2.4843505309975664,
        2.511599167533543,
        2.485105250192725,
        2.4907248331152876,
        2.5139835761940996,
        2.538322153298751,
        2.493856466334799,
        2.521544233612392,
        2.481573576512544,
        2.4794189515321152,
        2.49131861458654,
        2.494889388913694,
        2.463455899902012,
        2.4759204854135928,
        2.454849580059881,
        2.4810842327449634,
        2.4512875028278516,
        2.447292395260023,
        2.445024884265402,
        2.4463744008022807,
        2.4592265668122666,
        2.4635401808697246
    ],