{
    "train_loss": [
        1.460536142082318,
        0.40159875105904497,
        0.2155852399604476,
        0.1293948766896906,
        0.08742692386326582,
        0.06860376069443705,
        0.04363554323335057,
        0.031176460071709818,
        0.023662196062302784,
        0.02068174285966012,
        0.02325157310469481,
        0.02861486081762806,
        0.03536263439277916,
        0.05250195220983385,
        0.044039080045995826,
        0.04243143492520018,
        0.03351719778615718,
        0.03682636939060024,
        0.019167294001976108,
        0.01090928220503923,
        0.008555139619958303,
        0.0093227331248193,
        0.01000547226431081,
        0.017058782814116137,
        0.011143372442861817,
        0.014554246092144318,
        0.010966681605761709,
        0.018714673147769645,
        0.015379235430294142,
        0.019561059376586774,
        0.014355829679634948,
        0.0170470471364198,
        0.008374573520205044,
        0.005304786128323505,
        0.004126752137064772,
        0.0051050589408196565,
        0.00281788362514382,
        0.005332729878674676,
        0.002499325339474877,
        0.0018483771291357698,
        0.0024876643365132622,
        0.0013809277866328005,
        0.0026761815706381835,
        0.0010393989513550364,
        0.0009037471903391871,
        0.0009379472796512266,
        0.0007820479180657497,
        0.0006678981292719508,
        0.0006164493536388087,
        0.00045099560405936285,
        0.0006146649068440362,
        0.0005084531176575895,
        0.000641758573653098,
        0.000522883108003399,
        0.0003802948569658759,
        0.00045578574325032685,
        0.0004928055960076365,
        0.0006279184949364761,
        0.0003660628324961062,
        0.00026905935658799973,
        0.0002646736338251883,
        0.0003422918725252954,
        0.00029661813313514756,
        0.00034892424821958667,
        0.0004181506666970128,
        0.00044362147096051007,
        0.0003155680552165153,
        0.00025866613522457953,
        0.00031302931102286294,
        0.0002840573599868272,
        0.0004628618639601526,
        0.00040979851693286355,
        0.00039707618092823236,
        0.0002632298182620814,
        0.0003108499487967967
    ],
    "train_acc": [
        0.6311141304347826,
        0.8953804347826086,
        0.943953804347826,
        0.9718070652173914,
        0.9816576086956522,
        0.984375,
        0.9915081521739131,
        0.9949048913043478,
        0.9962635869565217,
        0.9972826086956522,
        0.9949048913043478,
        0.9945652173913043,
        0.990828804347826,
        0.9867527173913043,
        0.9864130434782609,
        0.9887907608695652,
        0.9901494565217391,
        0.9901494565217391,
        0.9955842391304348,
        0.9976222826086957,
        0.9993206521739131,
        0.9976222826086957,
        0.9979619565217391,
        0.9945652173913043,
        0.9972826086956522,
        0.9962635869565217,
        0.9972826086956522,
        0.9952445652173914,
        0.9955842391304348,
        0.9942255434782609,
        0.9972826086956522,
        0.9952445652173914,
        0.9989809782608695,
        0.998641304347826,
        0.9996603260869565,
        0.9996603260869565,
        1.0,
        0.998641304347826,
        0.9996603260869565,
        0.9996603260869565,
        0.9989809782608695,
        0.9996603260869565,
        0.9993206521739131,
        1.0,
        1.0,
        1.0,
        1.0,
        1.0,
        1.0,
        1.0,
        1.0,
        1.0,
        1.0,
        1.0,
        1.0,
        1.0,
        1.0,
        1.0,
        1.0,
        1.0,
        1.0,
        1.0,
        1.0,
        1.0,
        1.0,
        1.0,
        1.0,
        1.0,
        1.0,
        1.0,
        1.0,
        1.0,
        1.0,
        1.0,
        1.0
    ],
    "val_loss": [
        0.5138663144215293,
        0.38110857683679333,
        0.3475933884796889,
        0.2856803588245226,
        0.32896517832642014,
        0.32912962786529376,
        0.25916842371225357,
        0.26902919392222946,
        0.2535110151638155,
        0.2503133084139098,
        0.291370857021083,
        0.3107904435499855,
        0.37801385897657147,
        0.3333739832691524,
        0.5186672521674115,
        0.3877869786127754,
        0.41667115493961004,
        0.3997963974657266,
        0.31206122915381973,
        0.3318824110471684,
        0.3090931810438633,
        0.38562653408102365,
        0.31281893919019593,
        0.39614287763834,
        0.32060464860304544,
        0.3572198759926402,
        0.3792226376092952,
        0.39789424221152847,
        0.37202086307756277,
        0.3917924926980682,
        0.35271939311338507,
        0.42253679166669433,
        0.3291572044077127,
        0.2982771159352168,
        0.27984504919985065,
        0.3445538408730341,
        0.318873586214107,
        0.3348726155641286,
        0.32079533714315167,
        0.33279490341310913,
        0.2953149206612421,
        0.32739024641721143,
        0.31310862399961636,
        0.29359112534186116,
        0.3032821251646332,
        0.2935750408341055,
        0.2901104559069094,
        0.2894942849550558,
        0.29729681348671083,
        0.28634120718292566,
        0.2978516013725944,
        0.2946513636928538,
        0.29731815599876904,
        0.2776617224773635,
        0.28712209314107895,
        0.28886197345412296,
        0.2998564212542513,
        0.2833550000644248,
        0.284737093779056,
        0.28864124757440196,
        0.28702434970308904,
        0.28388293379026913,
        0.2810882301596196,
        0.28220357762082765,
        0.2724361273905505,
        0.28361796263767325,
        0.2802381926904554,
        0.28313626575729123,
        0.28648245334625244,
        0.28552568436640763,
        0.28054645608948625,
        0.2880678914649331,
        0.28477825111021166,
        0.27618164075133594,
        0.2841899257315242
    ],